Date,Close,t,y
3/3/2015,2107.78,1,7.65339054
3/2/2015,2117.39,3,7.657939477
2/27/2015,2104.5,1,7.651833188
2/26/2015,2110.74,1,7.654793876
2/25/2015,2113.86,1,7.656270939
2/24/2015,2115.48,1,7.657037016
2/23/2015,2109.66,3,7.654282076
2/20/2015,2110.3,1,7.654585396
2/19/2015,2097.45,1,7.6484776
2/18/2015,2099.68,1,7.649540231
2/17/2015,2100.34,4,7.649854515
2/13/2015,2096.99,1,7.648258262
2/12/2015,2088.48,1,7.644191808
2/11/2015,2068.53,1,7.634593489
2/10/2015,2068.59,1,7.634622495
2/9/2015,2046.74,3,7.624003562
2/6/2015,2055.47,1,7.628259811
2/5/2015,2062.52,1,7.631683815
2/4/2015,2041.51,1,7.621445009
2/3/2015,2050.03,1,7.625609706
2/2/2015,2020.85,3,7.611273494
1/30/2015,1994.99,1,7.598394317
1/29/2015,2021.25,1,7.611471411
1/28/2015,2002.16,1,7.601981877
1/27/2015,2029.55,1,7.615569373
1/26/2015,2057.09,3,7.629047642
1/23/2015,2051.82,1,7.626482483
1/22/2015,2063.15,1,7.63198922
1/21/2015,2032.12,1,7.616834862
1/20/2015,2022.55,4,7.612114371
1/16/2015,2019.42,1,7.61056562
1/15/2015,1992.67,1,7.597230727
1/14/2015,2011.27,1,7.606521642
1/13/2015,2023.03,1,7.612351667
1/12/2015,2028.26,3,7.614933562
1/9/2015,2044.81,1,7.623060155
1/8/2015,2062.14,1,7.631499558
1/7/2015,2025.9,1,7.613769325
1/6/2015,2002.61,1,7.602206609
1/5/2015,2020.58,3,7.611139878
1/2/2015,2058.2,2,7.629587093
12/31/2014,2058.9,1,7.629927139
12/30/2014,2080.35,1,7.640291428
12/29/2014,2090.57,3,7.645192035
12/26/2014,2088.77,2,7.644330655
12/24/2014,2081.88,1,7.641026611
12/23/2014,2082.17,1,7.641165898
12/22/2014,2078.54,3,7.639421003
12/19/2014,2070.65,1,7.635617847
12/18/2014,2061.23,1,7.631058171
12/17/2014,2012.89,1,7.607326779
12/16/2014,1972.74,1,7.587178718
12/15/2014,1989.63,3,7.595703971
12/12/2014,2002.33,1,7.602066781
12/11/2014,2035.33,1,7.618413247
12/10/2014,2026.14,1,7.613887784
12/9/2014,2059.82,1,7.630373879
12/8/2014,2060.31,3,7.630611736
12/5/2014,2075.37,1,7.63789473
12/4/2014,2071.92,1,7.636230993
12/3/2014,2074.33,1,7.637393489
12/2/2014,2066.55,1,7.633635829
12/1/2014,2053.44,3,7.627271715
11/28/2014,2067.56,2,7.634124447
11/26/2014,2072.83,1,7.636670102
11/25/2014,2067.03,1,7.633868073
11/24/2014,2069.41,3,7.635018821
11/21/2014,2063.5,1,7.632158849
11/20/2014,2052.75,1,7.626935637
11/19/2014,2048.72,1,7.624970487
11/18/2014,2051.8,1,7.626472736
11/17/2014,2041.32,3,7.621351936
11/14/2014,2039.82,1,7.620616848
11/13/2014,2039.33,1,7.620376602
11/12/2014,2038.25,1,7.619846876
11/11/2014,2039.68,1,7.620548212
11/10/2014,2038.26,3,7.619851782
11/7/2014,2031.92,1,7.616736438
11/6/2014,2031.21,1,7.616386954
11/5/2014,2023.57,1,7.612618557
11/4/2014,2012.1,1,7.606934232
11/3/2014,2017.81,3,7.609768044
10/31/2014,2018.05,1,7.609886978
10/30/2014,1994.65,1,7.598223875
10/29/2014,1982.3,1,7.592013066
10/28/2014,1985.05,1,7.593399382
10/27/2014,1961.63,3,7.581531039
10/24/2014,1964.58,1,7.583033761
10/23/2014,1950.82,1,7.576005076
10/22/2014,1927.11,1,7.56377675
10/21/2014,1941.28,1,7.571102828
10/20/2014,1904.01,3,7.551717467
10/17/2014,1886.76,1,7.542616351
10/16/2014,1862.76,1,7.529814538
10/15/2014,1862.49,1,7.529669581
10/14/2014,1877.7,1,7.537802903
10/13/2014,1874.74,3,7.536225262
10/10/2014,1906.13,1,7.552830288
10/9/2014,1928.21,1,7.56434739
10/8/2014,1968.89,1,7.585225211
10/7/2014,1935.1,1,7.567914284
10/6/2014,1964.82,3,7.583155917
10/3/2014,1967.9,1,7.584722263
10/2/2014,1946.17,1,7.573618618
10/1/2014,1946.16,1,7.573613479
9/30/2014,1972.29,1,7.586950583
9/29/2014,1977.8,3,7.589740395
9/26/2014,1982.85,1,7.592290483
9/25/2014,1965.99,1,7.583751214
9/24/2014,1998.3,1,7.600052098
9/23/2014,1982.77,1,7.592250136
9/22/2014,1994.29,3,7.598043376
9/19/2014,2010.4,1,7.606088986
9/18/2014,2011.36,1,7.606566389
9/17/2014,2001.57,1,7.601687152
9/16/2014,1998.98,1,7.600392329
9/15/2014,1984.13,3,7.59293581
9/12/2014,1985.54,1,7.593646196
9/11/2014,1997.45,1,7.599626646
9/10/2014,1995.69,1,7.598745134
9/9/2014,1988.44,1,7.595105691
9/8/2014,2001.54,3,7.601672163
9/5/2014,2007.71,1,7.604750048
9/4/2014,1997.65,1,7.599726769
9/3/2014,2000.72,1,7.601262395
9/2/2014,2002.28,4,7.60204181
8/29/2014,2003.37,1,7.602586042
8/28/2014,1996.74,1,7.59927113
8/27/2014,2000.12,1,7.600962458
8/26/2014,2000.02,1,7.600912459
8/25/2014,1997.92,3,7.599861918
8/22/2014,1988.4,1,7.595085574
8/21/2014,1992.37,1,7.597080164
8/20/2014,1986.51,1,7.594134609
8/19/2014,1981.6,1,7.591659878
8/18/2014,1971.74,3,7.586671681
8/15/2014,1955.06,1,7.578176162
8/14/2014,1955.18,1,7.57823754
8/13/2014,1946.72,1,7.573901184
8/12/2014,1933.75,1,7.567216402
8/11/2014,1936.92,3,7.568854362
8/8/2014,1931.59,1,7.566098777
8/7/2014,1909.57,1,7.554633365
8/6/2014,1920.24,1,7.560205457
8/5/2014,1920.21,1,7.560189834
8/4/2014,1938.99,3,7.569922498
8/1/2014,1925.15,1,7.562759166
7/31/2014,1930.67,1,7.565622372
7/30/2014,1970.07,1,7.585824354
7/29/2014,1969.95,1,7.585763441
7/28/2014,1978.91,3,7.590301467
7/25/2014,1978.34,1,7.590013388
7/24/2014,1987.98,1,7.594874327
7/23/2014,1987.01,1,7.594386275
7/22/2014,1983.53,1,7.592633365
7/21/2014,1973.63,3,7.587629766
7/18/2014,1978.22,1,7.589952729
7/17/2014,1958.12,1,7.579740108
7/16/2014,1981.57,1,7.591644739
7/15/2014,1973.28,1,7.587452412
7/14/2014,1977.1,3,7.589386404
7/11/2014,1967.57,1,7.584554558
7/10/2014,1964.68,1,7.583084661
7/9/2014,1972.83,1,7.587224339
7/8/2014,1963.71,1,7.58259082
7/7/2014,1977.65,4,7.58966455
7/3/2014,1985.44,1,7.593595831
7/2/2014,1974.62,1,7.588131254
7/1/2014,1973.32,1,7.587472682
6/30/2014,1960.23,3,7.580817092
6/27/2014,1960.96,1,7.581189428
6/26/2014,1957.22,1,7.579280378
6/25/2014,1959.53,1,7.580459928
6/24/2014,1949.98,1,7.575574395
6/23/2014,1962.61,3,7.582030499
6/20/2014,1962.87,1,7.582162967
6/19/2014,1959.48,1,7.580434411
6/18/2014,1956.98,1,7.579157748
6/17/2014,1941.99,1,7.5714685
6/16/2014,1937.78,3,7.569298267
6/13/2014,1936.16,1,7.568461909
6/12/2014,1930.11,1,7.565332275
6/11/2014,1943.89,1,7.572446399
6/10/2014,1950.79,1,7.575989698
6/9/2014,1951.27,3,7.576235722
6/6/2014,1949.44,1,7.575297431
6/5/2014,1940.46,1,7.570680337
6/4/2014,1927.88,1,7.564176233
6/3/2014,1924.24,1,7.562286364
6/2/2014,1924.97,3,7.562665662
5/30/2014,1923.57,1,7.561938114
5/29/2014,1920.03,1,7.56009609
5/28/2014,1909.78,1,7.554743331
5/27/2014,1911.91,4,7.555858021
5/23/2014,1900.53,1,7.549888074
5/22/2014,1892.49,1,7.545648701
5/21/2014,1888.03,1,7.543289236
5/20/2014,1872.83,1,7.535205935
5/19/2014,1885.08,3,7.541725539
5/16/2014,1877.86,1,7.53788811
5/15/2014,1870.85,1,7.534148152
5/14/2014,1888.53,1,7.543554028
5/13/2014,1897.45,1,7.548266158
5/12/2014,1896.65,3,7.547844451
5/9/2014,1878.48,1,7.538218218
5/8/2014,1875.63,1,7.536699882
5/7/2014,1878.21,1,7.538074475
5/6/2014,1867.72,1,7.532473715
5/5/2014,1884.66,3,7.541502712
5/2/2014,1881.14,1,7.539633255
5/1/2014,1883.68,1,7.540982589
4/30/2014,1883.95,1,7.541125916
4/29/2014,1878.33,1,7.538138363
4/28/2014,1869.43,3,7.533388851
4/25/2014,1863.4,1,7.530158055
4/24/2014,1878.61,1,7.538287421
4/23/2014,1875.39,1,7.536571917
4/22/2014,1879.55,1,7.538787665
4/21/2014,1871.89,4,7.534703895
4/17/2014,1864.85,1,7.5309359
4/16/2014,1862.31,1,7.529572932
4/15/2014,1842.98,1,7.519139106
4/14/2014,1830.61,3,7.512404524
4/11/2014,1815.69,1,7.50422084
4/10/2014,1833.08,1,7.513752891
4/9/2014,1872.18,1,7.534858806
4/8/2014,1851.96,1,7.523999817
4/7/2014,1845.04,3,7.520256236
4/4/2014,1865.09,1,7.531064588
4/3/2014,1888.77,1,7.543681103
4/2/2014,1890.9,1,7.544808185
4/1/2014,1885.52,1,7.541958924
3/31/2014,1872.34,3,7.534944264
3/28/2014,1857.62,1,7.527051377
3/27/2014,1849.04,1,7.522421864
3/26/2014,1852.56,1,7.524323745
3/25/2014,1865.62,1,7.531348717
3/24/2014,1857.44,3,7.526954475
3/21/2014,1866.52,1,7.531831014
3/20/2014,1872.01,1,7.534767999
3/19/2014,1860.77,1,7.52874566
3/18/2014,1872.25,1,7.534896195
3/17/2014,1858.83,3,7.527702537
3/14/2014,1841.13,1,7.518134793
3/13/2014,1846.34,1,7.52096058
3/12/2014,1868.2,1,7.532730679
3/11/2014,1867.63,1,7.532425526
3/10/2014,1877.17,3,7.537520603
3/7/2014,1878.04,1,7.537983959
3/6/2014,1877.03,1,7.537446019
3/5/2014,1873.81,1,7.53572907
3/4/2014,1873.91,1,7.535782436
3/3/2014,1845.73,3,7.520630142
2/28/2014,1859.45,1,7.528036024
2/27/2014,1854.29,1,7.525257152
2/26/2014,1845.16,1,7.520321274
2/25/2014,1845.12,1,7.520299595
2/24/2014,1847.61,3,7.521648191
2/21/2014,1836.25,1,7.515480727
2/20/2014,1839.78,1,7.517401278
2/19/2014,1828.75,1,7.511387952
2/18/2014,1840.76,4,7.517933809
2/14/2014,1838.63,1,7.516776008
2/13/2014,1829.83,1,7.511978345
2/12/2014,1819.26,1,7.506185104
2/11/2014,1819.75,1,7.506454408
2/10/2014,1799.84,3,7.495453051
2/7/2014,1797.02,1,7.493885016
2/6/2014,1773.43,1,7.480670803
2/5/2014,1751.64,1,7.468307771
2/4/2014,1755.2,1,7.47033809
2/3/2014,1741.89,3,7.46272601
1/31/2014,1782.59,1,7.485822642
1/30/2014,1794.19,1,7.492308946
1/29/2014,1774.2,1,7.481104896
1/28/2014,1792.5,1,7.491366572
1/27/2014,1781.56,3,7.485244664
1/24/2014,1790.29,1,7.490132897
1/23/2014,1828.46,1,7.511229361
1/22/2014,1844.86,1,7.520158673
1/21/2014,1843.8,4,7.519583938
1/17/2014,1838.7,1,7.516814079
1/16/2014,1845.89,1,7.520716825
1/15/2014,1848.38,1,7.522064859
1/14/2014,1838.88,1,7.51691197
1/13/2014,1819.2,3,7.506152123
1/10/2014,1842.37,1,7.518808065
1/9/2014,1838.13,1,7.516504029
1/8/2014,1837.49,1,7.516155789
1/7/2014,1837.88,1,7.516368012
1/6/2014,1826.77,3,7.510304659
1/3/2014,1831.37,1,7.5128196
1/2/2014,1831.98,2,7.513152628
12/31/2013,1848.36,1,7.522054038
12/30/2013,1841.07,3,7.518102203
12/27/2013,1841.4,1,7.518281431
12/26/2013,1842.02,2,7.518618075
12/24/2013,1833.32,1,7.51388381
12/23/2013,1827.99,3,7.510972282
12/20/2013,1818.32,1,7.505668277
12/19/2013,1809.6,1,7.500861105
12/18/2013,1810.65,1,7.501441176
12/17/2013,1781,1,7.484930283
12/16/2013,1786.54,3,7.488036067
12/13/2013,1775.32,1,7.481735967
12/12/2013,1775.5,1,7.481837352
12/11/2013,1782.22,1,7.485615057
12/10/2013,1802.62,1,7.496996441
12/9/2013,1808.37,3,7.500181166
12/6/2013,1805.09,1,7.498365731
12/5/2013,1785.03,1,7.487190501
12/4/2013,1792.81,1,7.4915395
12/3/2013,1795.15,1,7.492843863
12/2/2013,1800.9,3,7.496041819
11/29/2013,1805.81,2,7.498764524
11/27/2013,1807.23,1,7.499550565
11/26/2013,1802.75,1,7.497068556
11/25/2013,1802.48,3,7.496918773
11/22/2013,1804.76,1,7.498182898
11/21/2013,1795.85,1,7.493233726
11/20/2013,1781.37,1,7.48513801
11/19/2013,1787.87,1,7.488780246
11/18/2013,1791.53,3,7.490825282
11/15/2013,1798.18,1,7.494530321
11/14/2013,1790.62,1,7.490317208
11/13/2013,1782,1,7.485491608
11/12/2013,1767.69,1,7.477428888
11/11/2013,1771.89,3,7.479802052
11/8/2013,1770.61,1,7.479079399
11/7/2013,1747.15,1,7.465741168
11/6/2013,1770.49,1,7.479011623
11/5/2013,1762.97,1,7.474755166
11/4/2013,1767.93,3,7.47756465
11/1/2013,1761.64,1,7.474000472
10/31/2013,1756.54,1,7.471101244
10/30/2013,1763.31,1,7.474948004
10/29/2013,1771.95,1,7.479835914
10/28/2013,1762.11,3,7.474267234
10/25/2013,1759.77,1,7.472938398
10/24/2013,1752.07,1,7.468553225
10/23/2013,1746.38,1,7.465300353
10/22/2013,1754.67,1,7.470036084
10/21/2013,1744.66,3,7.464314973
10/18/2013,1744.5,1,7.464223261
10/17/2013,1733.15,1,7.457695841
10/16/2013,1721.54,1,7.450974518
10/15/2013,1698.06,1,7.437241702
10/14/2013,1710.14,3,7.444330517
10/11/2013,1703.2,1,7.440264114
10/10/2013,1692.56,1,7.433997455
10/9/2013,1656.4,1,7.412401852
10/8/2013,1655.45,1,7.411828154
10/7/2013,1676.12,3,7.424236878
10/4/2013,1690.5,1,7.432779622
10/3/2013,1678.66,1,7.425751135
10/2/2013,1693.87,1,7.434771131
10/1/2013,1695,1,7.43543802
9/30/2013,1681.55,3,7.427471266
9/27/2013,1691.75,1,7.433518775
9/26/2013,1698.67,1,7.437600871
9/25/2013,1692.77,1,7.434121519
9/24/2013,1697.42,1,7.43686473
9/23/2013,1701.84,3,7.439465298
9/20/2013,1709.91,1,7.444196017
9/19/2013,1722.34,1,7.45143911
9/18/2013,1725.52,1,7.453283733
9/17/2013,1704.76,1,7.441179617
9/16/2013,1697.6,3,7.436970768
9/13/2013,1687.99,1,7.431293751
9/12/2013,1683.42,1,7.428582717
9/11/2013,1689.13,1,7.431968882
9/10/2013,1683.99,1,7.428921257
9/9/2013,1671.71,3,7.421602334
9/6/2013,1655.17,1,7.411659002
9/5/2013,1655.08,1,7.411604625
9/4/2013,1653.08,1,7.410395494
9/3/2013,1639.77,4,7.402311267
8/30/2013,1632.97,1,7.398155722
8/29/2013,1638.17,1,7.401335044
8/28/2013,1634.96,1,7.399373618
8/27/2013,1630.48,1,7.396629729
8/26/2013,1656.78,3,7.412631239
8/23/2013,1663.5,1,7.416679095
8/22/2013,1656.96,1,7.412739877
8/21/2013,1642.8,1,7.404157382
8/20/2013,1652.35,1,7.409953796
8/19/2013,1646.06,3,7.406139833
8/16/2013,1655.83,1,7.412057673
8/15/2013,1661.32,1,7.415367746
8/14/2013,1685.39,1,7.42975227
8/13/2013,1694.16,1,7.434942322
8/12/2013,1689.47,3,7.432170149
8/9/2013,1691.42,1,7.433323692
8/8/2013,1697.48,1,7.436900077
8/7/2013,1690.91,1,7.433022125
8/6/2013,1697.37,1,7.436835273
8/5/2013,1707.14,3,7.442574735
8/2/2013,1709.67,1,7.444055648
8/1/2013,1706.87,1,7.442416563
7/31/2013,1685.73,1,7.429953983
7/30/2013,1685.96,1,7.430090413
7/29/2013,1685.33,3,7.429716669
7/26/2013,1691.65,1,7.433459663
7/25/2013,1690.25,1,7.432631726
7/24/2013,1685.94,1,7.430078551
7/23/2013,1692.39,1,7.43389701
7/22/2013,1695.53,3,7.435750655
7/19/2013,1692.09,1,7.43371973
7/18/2013,1689.37,1,7.432110957
7/17/2013,1680.91,1,7.427090592
7/16/2013,1676.26,1,7.4243204
7/15/2013,1682.5,3,7.428036062
7/12/2013,1680.19,1,7.426662161
7/11/2013,1675.02,1,7.423580384
7/10/2013,1652.62,1,7.410117186
7/9/2013,1652.32,1,7.40993564
7/8/2013,1640.46,3,7.402731969
7/5/2013,1631.89,2,7.397494131
7/3/2013,1615.41,1,7.387344073
7/2/2013,1614.08,1,7.386520414
7/1/2013,1614.96,3,7.387065468
6/28/2013,1606.28,1,7.381676226
6/27/2013,1613.2,1,7.385975063
6/26/2013,1603.26,1,7.379794335
6/25/2013,1588.03,1,7.370249533
6/24/2013,1573.09,3,7.360797117
6/21/2013,1592.43,1,7.37301643
6/20/2013,1588.19,1,7.370350282
6/19/2013,1628.93,1,7.395678637
6/18/2013,1651.81,1,7.409626935
6/17/2013,1639.04,3,7.401865984
6/14/2013,1626.73,1,7.394327144
6/13/2013,1636.36,1,7.400229542
6/12/2013,1612.52,1,7.385553452
6/11/2013,1626.13,1,7.393958238
6/10/2013,1642.81,3,7.404163469
6/7/2013,1643.38,1,7.404510376
6/6/2013,1622.56,1,7.391760428
6/5/2013,1608.9,1,7.383305995
6/4/2013,1631.38,1,7.397181561
6/3/2013,1640.42,3,7.402707586
5/31/2013,1630.74,1,7.396789179
5/30/2013,1654.41,1,7.411199729
5/29/2013,1648.36,1,7.407536133
5/28/2013,1660.06,4,7.414609025
5/24/2013,1649.6,1,7.408288113
5/23/2013,1650.51,1,7.40883961
5/22/2013,1655.35,1,7.411767746
5/21/2013,1669.16,1,7.420075785
5/20/2013,1666.29,3,7.418354877
5/17/2013,1667.47,1,7.419062787
5/16/2013,1650.47,1,7.408815375
5/15/2013,1658.78,1,7.413837671
5/14/2013,1650.34,1,7.408736606
5/13/2013,1633.77,3,7.398645507
5/10/2013,1633.7,1,7.39860266
5/9/2013,1626.67,1,7.394290259
5/8/2013,1632.69,1,7.39798424
5/7/2013,1625.96,1,7.39385369
5/6/2013,1617.5,3,7.388637026
5/3/2013,1614.42,1,7.386731038
5/2/2013,1597.59,1,7.376251523
5/1/2013,1582.7,1,7.366887528
4/30/2013,1597.57,1,7.376239004
4/29/2013,1593.61,3,7.373757162
4/26/2013,1582.24,1,7.366596844
4/25/2013,1585.16,1,7.368440628
4/24/2013,1578.79,1,7.36441401
4/23/2013,1578.78,1,7.364407676
4/22/2013,1562.5,3,7.354042382
4/19/2013,1555.25,1,7.349391583
4/18/2013,1541.61,1,7.340582604
4/17/2013,1552.01,1,7.347306144
4/16/2013,1574.57,1,7.361737498
4/15/2013,1552.36,3,7.347531633
4/12/2013,1588.85,1,7.370765763
4/11/2013,1593.37,1,7.373606549
4/10/2013,1587.73,1,7.370060602
4/9/2013,1568.61,1,7.357945156
4/8/2013,1563.07,3,7.354407115
4/5/2013,1553.28,1,7.348124103
4/4/2013,1559.98,1,7.35242828
4/3/2013,1553.69,1,7.348388026
4/2/2013,1570.25,1,7.358990121
4/1/2013,1562.17,4,7.353831159
3/28/2013,1569.19,1,7.358314842
3/27/2013,1562.85,1,7.354266357
3/26/2013,1563.77,1,7.354854851
3/25/2013,1551.69,3,7.347099939
3/22/2013,1556.89,1,7.350445521
3/21/2013,1545.8,1,7.343296855
3/20/2013,1558.71,1,7.351613835
3/19/2013,1548.34,1,7.344938668
3/18/2013,1552.1,3,7.347364132
3/15/2013,1560.7,1,7.352889718
3/14/2013,1563.23,1,7.354509473
3/13/2013,1554.52,1,7.348922095
3/12/2013,1552.48,1,7.347608931
3/11/2013,1556.22,3,7.350015083
3/8/2013,1551.18,1,7.346771211
3/7/2013,1544.26,1,7.34230011
3/6/2013,1541.46,1,7.340485298
3/5/2013,1539.79,1,7.339401322
3/4/2013,1525.2,3,7.329880828
3/1/2013,1518.2,1,7.325280702
2/28/2013,1514.68,1,7.322959475
2/27/2013,1515.99,1,7.32382397
2/26/2013,1496.94,1,7.311178303
2/25/2013,1487.85,3,7.305087404
2/22/2013,1515.6,1,7.323566679
2/21/2013,1502.42,1,7.31483242
2/20/2013,1511.95,1,7.321155487
2/19/2013,1530.94,4,7.333637205
2/15/2013,1519.79,1,7.326327446
2/14/2013,1521.38,1,7.327373097
2/13/2013,1520.33,1,7.326682696
2/12/2013,1519.43,1,7.326090544
2/11/2013,1517.01,3,7.324496571
2/8/2013,1517.93,1,7.325102844
2/7/2013,1509.39,1,7.319460875
2/6/2013,1512.12,1,7.321267919
2/5/2013,1511.29,1,7.32071887
2/4/2013,1495.71,3,7.310356289
2/1/2013,1513.17,1,7.321962067
1/31/2013,1498.11,1,7.311959593
1/30/2013,1501.96,1,7.314526201
1/29/2013,1507.84,1,7.318433442
1/28/2013,1500.18,3,7.31334038
1/25/2013,1502.96,1,7.315191776
1/24/2013,1494.82,1,7.309761077
1/23/2013,1494.81,1,7.309754387
1/22/2013,1492.56,4,7.308248045
1/18/2013,1485.98,1,7.303829766
1/17/2013,1480.94,1,7.3004323
1/16/2013,1472.63,1,7.294805197
1/15/2013,1472.34,1,7.294608251
1/14/2013,1470.68,3,7.293480158
1/11/2013,1472.05,1,7.294411266
1/10/2013,1472.12,1,7.294458818
1/9/2013,1461.02,1,7.286890101
1/8/2013,1457.15,1,7.284237752
1/7/2013,1461.89,3,7.287485398
1/4/2013,1466.47,1,7.290613431
1/3/2013,1459.37,1,7.285760115
1/2/2013,1462.42,2,7.287847877
12/31/2012,1426.19,3,7.262761832
12/28/2012,1402.43,1,7.245961725
12/27/2012,1418.1,1,7.257073226
12/26/2012,1419.83,2,7.258292425
12/24/2012,1426.66,3,7.263091327
12/21/2012,1430.15,1,7.265534613
12/20/2012,1443.69,1,7.274957615
12/19/2012,1435.81,1,7.269484429
12/18/2012,1446.79,1,7.277102588
12/17/2012,1430.36,3,7.26568144
12/14/2012,1413.58,1,7.253880773
12/13/2012,1419.45,1,7.258024752
12/12/2012,1428.48,1,7.264366221
12/11/2012,1427.84,1,7.263918092
12/10/2012,1418.55,3,7.257390502
12/7/2012,1418.07,1,7.257052071
12/6/2012,1413.94,1,7.254135413
12/5/2012,1409.28,1,7.250834215
12/4/2012,1407.05,1,7.249250593
12/3/2012,1409.46,3,7.250961931
11/30/2012,1416.18,1,7.255718385
11/29/2012,1415.95,1,7.255555963
11/28/2012,1409.93,1,7.251295337
11/27/2012,1398.94,1,7.243470086
11/26/2012,1406.29,3,7.24871031
11/23/2012,1409.15,2,7.250741965
11/21/2012,1391.03,1,7.237799759
11/20/2012,1387.81,1,7.235482244
11/19/2012,1386.89,3,7.234819109
11/16/2012,1359.88,1,7.21515174
11/15/2012,1353.33,1,7.210323501
11/14/2012,1355.49,1,7.211918292
11/13/2012,1374.53,1,7.225867133
11/12/2012,1380.03,3,7.229860517
11/9/2012,1379.85,1,7.229730077
11/8/2012,1377.51,1,7.228032801
11/7/2012,1394.53,1,7.24031272
11/6/2012,1428.39,1,7.264303215
11/5/2012,1417.26,3,7.256480709
11/2/2012,1414.2,1,7.254319279
11/1/2012,1427.59,1,7.263742987
10/31/2012,1412.16,5,7.252875726
10/26/2012,1411.94,1,7.252719924
10/25/2012,1412.97,1,7.253449151
10/24/2012,1408.75,1,7.250458065
10/23/2012,1413.11,1,7.253548228
10/22/2012,1433.82,3,7.26809749
10/19/2012,1433.19,1,7.267658008
10/18/2012,1457.34,1,7.284368135
10/17/2012,1460.91,1,7.286814808
10/16/2012,1454.92,1,7.282706195
10/15/2012,1440.13,3,7.272488666
10/12/2012,1428.59,1,7.264443223
10/11/2012,1432.84,1,7.267413768
10/10/2012,1432.56,1,7.267218333
10/9/2012,1441.48,1,7.273425643
10/8/2012,1455.88,3,7.283365808
10/5/2012,1460.93,1,7.286828498
10/4/2012,1461.4,1,7.287150159
10/3/2012,1450.99,1,7.280001361
10/2/2012,1445.75,1,7.276383497
10/1/2012,1444.49,3,7.275511597
9/28/2012,1440.67,1,7.272863562
9/27/2012,1447.15,1,7.277351384
9/26/2012,1433.32,1,7.267748711
9/25/2012,1441.59,1,7.27350195
9/24/2012,1456.89,3,7.284059306
9/21/2012,1460.15,1,7.286294449
9/20/2012,1460.26,1,7.286369781
9/19/2012,1461.05,1,7.286910634
9/18/2012,1459.32,1,7.285725853
9/17/2012,1461.19,3,7.287006451
9/14/2012,1465.77,1,7.290135981
9/13/2012,1459.99,1,7.286184865
9/12/2012,1436.56,1,7.270006646
9/11/2012,1433.56,1,7.26791614
9/10/2012,1429.08,3,7.26478616
9/7/2012,1437.92,1,7.270952904
9/6/2012,1432.12,1,7.266911143
9/5/2012,1403.44,1,7.246681645
9/4/2012,1404.94,4,7.247749876
8/31/2012,1406.58,1,7.248916505
8/30/2012,1399.48,1,7.243856018
8/29/2012,1410.49,1,7.251692441
8/28/2012,1409.3,1,7.250848406
8/27/2012,1410.44,3,7.251656991
8/24/2012,1411.13,1,7.252146081
8/23/2012,1402.08,1,7.245712127
8/22/2012,1413.49,1,7.253817102
8/21/2012,1413.17,1,7.253590687
8/20/2012,1418.13,3,7.257094381
8/17/2012,1418.16,1,7.257115536
8/16/2012,1415.51,1,7.255245169
8/15/2012,1405.53,1,7.248169735
8/14/2012,1403.93,1,7.247030726
8/13/2012,1404.11,3,7.247158929
8/10/2012,1405.87,1,7.248411607
8/9/2012,1402.8,1,7.246225518
8/8/2012,1402.22,1,7.245811974
8/7/2012,1401.35,1,7.245191337
8/6/2012,1394.23,3,7.240097571
8/3/2012,1390.99,1,7.237771003
8/2/2012,1365,1,7.218909708
8/1/2012,1375.32,1,7.22644171
7/31/2012,1379.32,1,7.229345903
7/30/2012,1385.3,3,7.233672002
7/27/2012,1385.97,1,7.234155534
7/26/2012,1360.02,1,7.215254685
7/25/2012,1337.89,1,7.198849025
7/24/2012,1338.31,1,7.199162903
7/23/2012,1350.52,3,7.208244982
7/20/2012,1362.66,1,7.217193951
7/19/2012,1376.51,1,7.227306589
7/18/2012,1372.78,1,7.22459316
7/17/2012,1363.67,1,7.217934874
7/16/2012,1353.64,3,7.210552539
7/13/2012,1356.78,1,7.212869524
7/12/2012,1334.76,1,7.196506779
7/11/2012,1341.45,1,7.201506397
7/10/2012,1341.47,1,7.201521307
7/9/2012,1352.46,3,7.209680435
7/6/2012,1354.68,1,7.211320543
7/5/2012,1367.58,2,7.220798033
7/3/2012,1374.02,1,7.225496029
7/2/2012,1365.51,3,7.219283264
6/29/2012,1362.16,1,7.216826954
6/28/2012,1329.04,1,7.192212156
6/27/2012,1331.85,1,7.194324232
6/26/2012,1319.99,1,7.18537944
6/25/2012,1313.72,3,7.180618087
6/22/2012,1335.02,1,7.196701552
6/21/2012,1325.51,1,7.18955257
6/20/2012,1355.69,1,7.212065829
6/19/2012,1357.98,1,7.21375358
6/18/2012,1344.78,3,7.20398571
6/15/2012,1342.84,1,7.202542053
6/14/2012,1329.1,1,7.1922573
6/13/2012,1314.88,1,7.181500686
6/12/2012,1324.18,1,7.188548679
6/11/2012,1308.93,3,7.176965289
6/8/2012,1325.66,1,7.189665728
6/7/2012,1314.99,1,7.18158434
6/6/2012,1315.13,1,7.181690799
6/5/2012,1285.5,1,7.158903027
6/4/2012,1278.18,3,7.15319247
6/1/2012,1278.04,1,7.153082933
5/31/2012,1310.33,1,7.178034293
5/30/2012,1313.32,1,7.180313561
5/29/2012,1332.42,4,7.194752117
5/25/2012,1317.82,1,7.183734135
5/24/2012,1320.68,1,7.185902034
5/23/2012,1318.86,1,7.184523006
5/22/2012,1316.63,1,7.182830721
5/21/2012,1315.99,3,7.182344513
5/18/2012,1295.22,1,7.166435844
5/17/2012,1304.86,1,7.173851034
5/16/2012,1324.8,1,7.189016784
5/15/2012,1330.66,1,7.193430339
5/14/2012,1338.35,3,7.199192791
5/11/2012,1353.39,1,7.210367835
5/10/2012,1357.99,1,7.213760944
5/9/2012,1354.58,1,7.211246722
5/8/2012,1363.72,1,7.217971539
5/7/2012,1369.58,3,7.222259402
5/4/2012,1369.1,1,7.221908869
5/3/2012,1391.57,1,7.238187885
5/2/2012,1402.31,1,7.245876156
5/1/2012,1405.82,1,7.248376041
4/30/2012,1397.91,3,7.242733543
4/27/2012,1403.36,1,7.24662464
4/26/2012,1399.98,1,7.24421323
4/25/2012,1390.69,1,7.237555306
4/24/2012,1371.97,1,7.224002942
4/23/2012,1366.94,3,7.220329944
4/20/2012,1378.53,1,7.228772993
4/19/2012,1376.92,1,7.2276044
4/18/2012,1385.14,1,7.233556497
4/17/2012,1390.78,1,7.23762002
4/16/2012,1369.57,3,7.222252101
4/13/2012,1370.26,1,7.222755782
4/12/2012,1387.57,1,7.235309295
4/11/2012,1368.71,1,7.221623969
4/10/2012,1358.59,1,7.214202676
4/9/2012,1382.2,4,7.231431712
4/5/2012,1398.08,1,7.242855146
4/4/2012,1398.96,1,7.243484382
4/3/2012,1413.38,1,7.253739278
4/2/2012,1419.04,3,7.257735866
3/30/2012,1408.47,1,7.250259288
3/29/2012,1403.28,1,7.246567633
3/28/2012,1405.54,1,7.24817685
3/27/2012,1412.52,1,7.253130622
3/26/2012,1416.51,3,7.255951379
3/23/2012,1397.11,1,7.242161096
3/22/2012,1392.78,1,7.239057029
3/21/2012,1402.89,1,7.246289674
3/20/2012,1405.52,1,7.24816262
3/19/2012,1409.75,3,7.251167663
3/16/2012,1404.17,1,7.24720166
3/15/2012,1402.6,1,7.246082936
3/14/2012,1394.28,1,7.240133432
3/13/2012,1395.95,1,7.241330466
3/12/2012,1371.09,3,7.223361323
3/9/2012,1370.87,1,7.223200854
3/8/2012,1365.91,1,7.219576152
3/7/2012,1352.63,1,7.209806124
3/6/2012,1343.36,1,7.202929217
3/5/2012,1364.33,3,7.218418745
3/2/2012,1369.63,1,7.222295909
3/1/2012,1374.09,1,7.225546973
2/29/2012,1365.68,1,7.219407752
2/28/2012,1372.18,1,7.224155995
2/27/2012,1367.59,3,7.220805346
2/24/2012,1365.74,1,7.219451685
2/23/2012,1363.46,1,7.217780866
2/22/2012,1357.66,1,7.213517909
2/21/2012,1362.21,4,7.21686366
2/17/2012,1361.23,1,7.216143982
2/16/2012,1358.04,1,7.213797763
2/15/2012,1343.23,1,7.20283244
2/14/2012,1350.5,1,7.208230173
2/13/2012,1351.77,3,7.209170124
2/10/2012,1342.64,1,7.202393104
2/9/2012,1351.95,1,7.209303274
2/8/2012,1349.96,1,7.207830241
2/7/2012,1347.05,1,7.205672295
2/6/2012,1344.33,3,7.203651027
2/3/2012,1344.9,1,7.20407494
2/2/2012,1325.54,1,7.189575203
2/1/2012,1324.09,1,7.18848071
1/31/2012,1312.41,1,7.179620421
1/30/2012,1313.01,3,7.18007749
1/27/2012,1316.33,1,7.18260284
1/26/2012,1318.43,1,7.184196914
1/25/2012,1326.06,1,7.189967419
1/24/2012,1314.65,1,7.181325749
1/23/2012,1316,3,7.182352112
1/20/2012,1315.38,1,7.181880876
1/19/2012,1314.5,1,7.181211644
1/18/2012,1308.04,1,7.176285113
1/17/2012,1293.67,4,7.165238419
1/13/2012,1289.09,1,7.161691822
1/12/2012,1295.5,1,7.166652
1/11/2012,1292.48,1,7.164318132
1/10/2012,1292.08,1,7.164008602
1/9/2012,1280.7,3,7.155162082
1/6/2012,1277.81,1,7.152902954
1/5/2012,1281.06,1,7.155443139
1/4/2012,1277.3,1,7.152503754
1/3/2012,1277.06,4,7.15231584
12/30/2011,1257.6,1,7.136960422
12/29/2011,1263.02,1,7.141260958
12/28/2011,1249.64,1,7.130610789
12/27/2011,1265.43,4,7.143167264
12/23/2011,1265.33,1,7.143088237
12/22/2011,1254,1,7.134093721
12/21/2011,1243.72,1,7.125862168
12/20/2011,1241.3,1,7.123914497
12/19/2011,1205.35,3,7.09452526
12/16/2011,1219.66,1,7.10632741
12/15/2011,1215.75,1,7.103116449
12/14/2011,1211.82,1,7.099878641
12/13/2011,1225.73,1,7.111291864
12/12/2011,1236.47,3,7.120015825
12/9/2011,1255.19,1,7.135042235
12/8/2011,1234.35,1,7.118299795
12/7/2011,1261.01,1,7.139668266
12/6/2011,1258.47,1,7.137651976
12/5/2011,1257.08,3,7.13654685
12/2/2011,1244.28,1,7.126312328
12/1/2011,1244.58,1,7.126553403
11/30/2011,1246.96,1,7.128463868
11/29/2011,1195.19,1,7.086060448
11/28/2011,1192.55,3,7.083849151
11/25/2011,1158.67,2,7.055028075
11/23/2011,1161.79,1,7.057717198
11/22/2011,1188.04,1,7.080060169
11/21/2011,1192.98,3,7.084209657
11/18/2011,1215.65,1,7.103034192
11/17/2011,1216.13,1,7.103428965
11/16/2011,1236.91,1,7.120371613
11/15/2011,1257.81,1,7.137127392
11/14/2011,1251.78,3,7.132321817
11/11/2011,1263.85,1,7.141917897
11/10/2011,1239.7,1,7.122624694
11/9/2011,1229.1,1,7.114037473
11/8/2011,1275.92,1,7.151422766
11/7/2011,1261.12,3,7.139755494
11/4/2011,1253.23,1,7.133479498
11/3/2011,1261.15,1,7.139779282
11/2/2011,1237.9,1,7.121171675
11/1/2011,1218.28,1,7.105195307
10/31/2011,1253.3,3,7.133535352
10/28/2011,1285.09,1,7.158584034
10/27/2011,1284.59,1,7.15819488
10/26/2011,1242,1,7.124478262
10/25/2011,1229.05,1,7.113996792
10/24/2011,1254.19,3,7.134245225
10/21/2011,1238.25,1,7.121454371
10/20/2011,1215.39,1,7.102820292
10/19/2011,1209.88,1,7.09827646
10/18/2011,1225.38,1,7.111006279
10/17/2011,1200.86,3,7.090793246
10/14/2011,1224.58,1,7.110353207
10/13/2011,1203.66,1,7.093122194
10/12/2011,1207.25,1,7.096100325
10/11/2011,1195.54,1,7.086353245
10/10/2011,1194.89,3,7.08580941
10/7/2011,1155.46,1,7.052253812
10/6/2011,1164.97,1,7.060450615
10/5/2011,1144.03,1,7.042312395
10/4/2011,1123.95,1,7.024604545
10/3/2011,1099.23,3,7.002365214
9/30/2011,1131.42,1,7.03122876
9/29/2011,1160.4,1,7.056520052
9/28/2011,1151.06,1,7.048438536
9/27/2011,1175.38,1,7.069346779
9/26/2011,1162.95,3,7.058715159
9/23/2011,1136.43,1,7.035647049
9/22/2011,1129.56,1,7.029583455
9/21/2011,1166.76,1,7.061985956
9/20/2011,1202.09,1,7.091816988
9/19/2011,1204.09,3,7.093479374
9/16/2011,1216.01,1,7.103330286
9/15/2011,1209.11,1,7.097639831
9/14/2011,1188.68,1,7.080598727
9/13/2011,1172.87,1,7.067209016
9/12/2011,1162.27,3,7.058130268
9/9/2011,1154.23,1,7.051188734
9/8/2011,1185.9,1,7.078257259
9/7/2011,1198.62,1,7.088926174
9/6/2011,1165.24,4,7.060682353
9/2/2011,1173.97,1,7.068146446
9/1/2011,1204.42,1,7.093753402
8/31/2011,1218.89,1,7.105695888
8/30/2011,1212.92,1,7.100785955
8/29/2011,1210.08,3,7.098441752
8/26/2011,1176.8,1,7.070554169
8/25/2011,1159.27,1,7.055545776
8/24/2011,1177.6,1,7.071233748
8/23/2011,1162.35,1,7.058199097
8/22/2011,1123.82,3,7.024488875
8/19/2011,1123.53,1,7.024230794
8/18/2011,1140.65,1,7.039353554
8/17/2011,1193.89,1,7.084972162
8/16/2011,1192.76,1,7.084025228
8/15/2011,1204.49,3,7.09381152
8/12/2011,1178.81,1,7.072260734
8/11/2011,1172.64,1,7.067012896
8/10/2011,1120.76,1,7.021762306
8/9/2011,1172.53,1,7.066919086
8/8/2011,1119.46,3,7.020601705
8/5/2011,1199.38,1,7.089560036
8/4/2011,1200.07,1,7.090135167
8/3/2011,1260.34,1,7.139136805
8/2/2011,1254.05,1,7.134133593
8/1/2011,1286.94,3,7.160022586
7/29/2011,1292.28,1,7.164163379
7/28/2011,1300.67,1,7.170634795
7/27/2011,1304.89,1,7.173874025
7/26/2011,1331.94,1,7.194391805
7/25/2011,1337.43,3,7.198505141
7/22/2011,1345.02,1,7.204164162
7/21/2011,1343.8,1,7.2032567
7/20/2011,1325.84,1,7.1898015
7/19/2011,1326.73,1,7.190472547
7/18/2011,1305.44,3,7.174295428
7/15/2011,1316.14,1,7.182458489
7/14/2011,1308.87,1,7.176919449
7/13/2011,1317.72,1,7.183658249
7/12/2011,1313.64,1,7.180557189
7/11/2011,1319.49,3,7.185000577
7/8/2011,1343.8,1,7.2032567
7/7/2011,1353.22,1,7.210242217
7/6/2011,1339.22,1,7.199842634
7/5/2011,1337.88,4,7.198841551
7/1/2011,1339.67,1,7.200178594
6/30/2011,1320.64,1,7.185871747
6/29/2011,1307.41,1,7.17580336
6/28/2011,1296.67,1,7.167554719
6/27/2011,1280.1,3,7.154693479
6/24/2011,1268.45,1,7.145550962
6/23/2011,1283.5,1,7.157346
6/22/2011,1287.14,1,7.160177982
6/21/2011,1295.52,1,7.166667438
6/20/2011,1278.36,3,7.153333285
6/17/2011,1271.5,1,7.147952585
6/16/2011,1267.64,1,7.144912183
6/15/2011,1265.42,1,7.143159362
6/14/2011,1287.87,1,7.16074497
6/13/2011,1271.83,3,7.148212087
6/10/2011,1270.98,1,7.147543535
6/9/2011,1289,1,7.161622003
6/8/2011,1279.56,1,7.154271548
6/7/2011,1284.94,1,7.158467304
6/6/2011,1286.17,3,7.159424089
6/3/2011,1300.16,1,7.170242613
6/2/2011,1312.94,1,7.180024176
6/1/2011,1314.55,1,7.181249681
5/31/2011,1345.2,4,7.20429798
5/27/2011,1331.1,1,7.193760947
5/26/2011,1325.69,1,7.189688358
5/25/2011,1320.47,1,7.185743013
5/24/2011,1316.28,1,7.182564855
5/23/2011,1317.37,3,7.183392604
5/20/2011,1333.27,1,7.19538985
5/19/2011,1343.6,1,7.203107858
5/18/2011,1340.68,1,7.200932227
5/17/2011,1328.98,1,7.19216701
5/16/2011,1329.47,3,7.192535646
5/13/2011,1337.77,1,7.198759328
5/12/2011,1348.65,1,7.206859371
5/11/2011,1342.08,1,7.201975928
5/10/2011,1357.16,1,7.21314956
5/9/2011,1346.29,3,7.20510794
5/6/2011,1340.2,1,7.200574136
5/5/2011,1335.1,1,7.196761474
5/4/2011,1347.32,1,7.205872713
5/3/2011,1356.62,1,7.212751591
5/2/2011,1361.22,3,7.216136635
4/29/2011,1363.61,1,7.217890874
4/28/2011,1360.48,1,7.215592858
4/27/2011,1355.66,1,7.2120437
4/26/2011,1347.24,1,7.205813334
4/25/2011,1335.25,4,7.196873819
4/21/2011,1337.38,1,7.198467755
4/20/2011,1330.36,1,7.193204861
4/19/2011,1312.62,1,7.179780419
4/18/2011,1305.14,3,7.174065594
4/15/2011,1319.68,1,7.185144562
4/14/2011,1314.52,1,7.181226859
4/13/2011,1314.41,1,7.181143175
4/12/2011,1314.16,1,7.180952957
4/11/2011,1324.46,3,7.188760108
4/8/2011,1328.17,1,7.191557334
4/7/2011,1333.51,1,7.195569843
4/6/2011,1335.54,1,7.197090983
4/5/2011,1332.63,1,7.194909712
4/4/2011,1332.87,3,7.195089791
4/1/2011,1332.41,1,7.194744612
3/31/2011,1325.83,1,7.189793957
3/30/2011,1328.26,1,7.191625094
3/29/2011,1319.44,1,7.184962683
3/28/2011,1310.19,3,7.177927444
3/25/2011,1313.8,1,7.18067898
3/24/2011,1309.66,1,7.177522841
3/23/2011,1297.54,1,7.168225443
3/22/2011,1293.77,1,7.165315716
3/21/2011,1298.38,3,7.168872613
3/18/2011,1279.21,1,7.153997979
3/17/2011,1273.72,1,7.149697032
3/16/2011,1256.88,1,7.136387739
3/15/2011,1281.87,1,7.156075228
3/14/2011,1296.39,3,7.167338758
3/11/2011,1304.28,1,7.173406443
3/10/2011,1295.11,1,7.166350913
3/9/2011,1320.02,1,7.185402167
3/8/2011,1321.82,1,7.186764854
3/7/2011,1310.13,3,7.177881648
3/4/2011,1321.15,1,7.186257848
3/3/2011,1330.97,1,7.193663279
3/2/2011,1308.44,1,7.176590867
3/1/2011,1306.33,1,7.174976958
2/28/2011,1327.22,3,7.190841808
2/25/2011,1319.88,1,7.185296102
2/24/2011,1306.1,1,7.174800877
2/23/2011,1307.4,1,7.175795711
2/22/2011,1315.44,4,7.181926489
2/18/2011,1343.01,1,7.202668643
2/17/2011,1340.43,1,7.200745737
2/16/2011,1336.32,1,7.197674846
2/15/2011,1328.01,1,7.19143686
2/14/2011,1332.32,3,7.194677062
2/11/2011,1329.15,1,7.192294919
2/10/2011,1321.87,1,7.18680268
2/9/2011,1320.88,1,7.18605346
2/8/2011,1324.57,1,7.188843157
2/7/2011,1319.05,3,7.18466706
2/4/2011,1310.87,1,7.178446318
2/3/2011,1307.1,1,7.175566222
2/2/2011,1304.03,1,7.173214748
2/1/2011,1307.59,1,7.175941027
1/31/2011,1286.12,3,7.159385213
1/28/2011,1276.34,1,7.151751886
1/27/2011,1299.54,1,7.169765635
1/26/2011,1296.63,1,7.16752387
1/25/2011,1291.18,1,7.163311808
1/24/2011,1290.84,3,7.163048448
1/21/2011,1283.35,1,7.157229126
1/20/2011,1280.26,1,7.154818461
1/19/2011,1281.92,1,7.156114233
1/18/2011,1295.02,4,7.166281418
1/14/2011,1293.24,1,7.164905976
1/13/2011,1283.76,1,7.157548551
1/12/2011,1285.96,1,7.1592608
1/11/2011,1274.48,1,7.150293531
1/10/2011,1269.75,3,7.14657531
1/7/2011,1271.5,1,7.147952585
1/6/2011,1273.85,1,7.14979909
1/5/2011,1276.56,1,7.151924239
1/4/2011,1270.2,1,7.146929647
1/3/2011,1271.87,3,7.148243537
12/31/2010,1257.64,1,7.136992228
12/30/2010,1257.88,1,7.137183043
12/29/2010,1259.78,1,7.138692382
12/28/2010,1258.51,1,7.137683761
12/27/2010,1257.54,4,7.136912711
12/23/2010,1256.77,1,7.136300217
12/22/2010,1258.84,1,7.137945941
12/21/2010,1254.6,1,7.134572076
12/20/2010,1247.08,3,7.128560098
12/17/2010,1243.91,1,7.126014923
12/16/2010,1242.87,1,7.1251785
12/15/2010,1235.23,1,7.119012467
12/14/2010,1241.59,1,7.124148095
12/13/2010,1240.46,3,7.123237558
12/10/2010,1240.4,1,7.123189187
12/9/2010,1233,1,7.117205503
12/8/2010,1228.28,1,7.113370096
12/7/2010,1223.75,1,7.109675194
12/6/2010,1223.12,3,7.10916025
12/3/2010,1224.71,1,7.11045936
12/2/2010,1221.53,1,7.10785945
12/1/2010,1206.07,1,7.095122419
11/30/2010,1180.55,1,7.073735711
11/29/2010,1187.76,3,7.079824459
11/26/2010,1189.4,2,7.081204257
11/24/2010,1198.35,1,7.08870089
11/23/2010,1180.73,1,7.07388817
11/22/2010,1197.84,3,7.088275214
11/19/2010,1199.73,1,7.08985181
11/18/2010,1196.69,1,7.087314691
11/17/2010,1178.59,1,7.072074088
11/16/2010,1178.34,1,7.071861947
11/15/2010,1197.75,3,7.088200076
11/12/2010,1199.21,1,7.089418286
11/11/2010,1213.54,1,7.101296987
11/10/2010,1218.71,1,7.105548201
11/9/2010,1213.4,1,7.101181616
11/8/2010,1223.25,3,7.10926653
11/5/2010,1225.85,1,7.11138976
11/4/2010,1221.06,1,7.107474613
11/3/2010,1197.96,1,7.088375389
11/2/2010,1193.57,1,7.084704095
11/1/2010,1184.38,3,7.07697471
10/29/2010,1183.26,1,7.07602862
10/28/2010,1183.78,1,7.076467987
10/27/2010,1182.45,1,7.075343836
10/26/2010,1185.64,1,7.078037992
10/25/2010,1185.62,3,7.078021123
10/22/2010,1183.08,1,7.075876486
10/21/2010,1180.26,1,7.073490032
10/20/2010,1178.17,1,7.071717666
10/19/2010,1165.9,1,7.0612486
10/18/2010,1184.71,3,7.077253298
10/15/2010,1176.19,1,7.07003568
10/14/2010,1173.81,1,7.068010147
10/13/2010,1178.1,1,7.07165825
10/12/2010,1169.77,1,7.064562427
10/11/2010,1165.32,3,7.060751006
10/8/2010,1165.15,1,7.060605113
10/7/2010,1158.06,1,7.05450147
10/6/2010,1159.97,1,7.056149422
10/5/2010,1160.75,1,7.056821627
10/4/2010,1137.03,3,7.036174879
10/1/2010,1146.24,1,7.044242299
9/30/2010,1141.2,1,7.039835619
9/29/2010,1144.73,1,7.04292408
9/28/2010,1147.7,1,7.045515219
9/27/2010,1142.16,3,7.040676485
9/24/2010,1148.67,1,7.04636003
9/23/2010,1124.83,1,7.025387192
9/22/2010,1134.28,1,7.033753367
9/21/2010,1139.78,1,7.03859054
9/20/2010,1142.71,3,7.041157913
9/17/2010,1125.59,1,7.026062622
9/16/2010,1124.66,1,7.025236047
9/15/2010,1125.07,1,7.025600535
9/14/2010,1121.1,1,7.022065625
9/13/2010,1121.9,3,7.022778956
9/10/2010,1109.55,1,7.011709807
9/9/2010,1104.18,1,7.006858257
9/8/2010,1098.87,1,7.002037658
9/7/2010,1091.84,4,6.995619625
9/3/2010,1104.51,1,7.007157077
9/2/2010,1090.1,1,6.994024714
9/1/2010,1080.29,1,6.984984803
8/31/2010,1049.33,1,6.955907144
8/30/2010,1048.92,3,6.955516342
8/27/2010,1064.59,1,6.970345027
8/26/2010,1047.22,1,6.953894313
8/25/2010,1055.33,1,6.961608793
8/24/2010,1051.87,1,6.958324812
8/23/2010,1067.36,3,6.972943589
8/20/2010,1071.69,1,6.976992121
8/19/2010,1075.63,1,6.980661815
8/18/2010,1094.16,1,6.997742225
8/17/2010,1092.54,1,6.99626054
8/16/2010,1079.38,3,6.984142081
8/13/2010,1079.25,1,6.984021634
8/12/2010,1083.61,1,6.988053339
8/11/2010,1089.47,1,6.993446618
8/10/2010,1121.06,1,7.022029945
8/9/2010,1127.79,3,7.028015245
8/6/2010,1121.64,1,7.022547179
8/5/2010,1125.81,1,7.026258056
8/4/2010,1127.24,1,7.027527446
8/3/2010,1120.46,1,7.021494594
8/2/2010,1125.86,3,7.026302467
7/30/2010,1101.6,1,7.004518947
7/29/2010,1101.53,1,7.004455401
7/28/2010,1106.13,1,7.008622716
7/27/2010,1113.84,1,7.015568784
7/26/2010,1115.01,3,7.016618652
7/23/2010,1102.66,1,7.005480722
7/22/2010,1093.67,1,6.997294292
7/21/2010,1069.59,1,6.975030676
7/20/2010,1083.48,1,6.987933362
7/19/2010,1071.25,3,6.97658147
7/16/2010,1064.88,1,6.970617396
7/15/2010,1096.48,1,6.999860328
7/14/2010,1095.17,1,6.998664881
7/13/2010,1095.34,1,6.998820096
7/12/2010,1078.75,3,6.983558242
7/9/2010,1077.96,1,6.982825645
7/8/2010,1070.25,1,6.975647545
7/7/2010,1060.27,1,6.966278872
7/6/2010,1028.06,4,6.93542881
7/2/2010,1022.58,1,6.930084124
7/1/2010,1027.37,1,6.934757418
6/30/2010,1030.71,1,6.938003164
6/29/2010,1041.24,1,6.94816759
6/28/2010,1074.57,3,6.979675861
6/25/2010,1076.76,1,6.981711811
6/24/2010,1073.69,1,6.978856593
6/23/2010,1092.04,1,6.995802786
6/22/2010,1095.31,1,6.998792707
6/21/2010,1113.2,3,7.01499403
6/18/2010,1117.51,1,7.018858275
6/17/2010,1116.04,1,7.017541985
6/16/2010,1114.61,1,7.016259847
6/15/2010,1115.23,1,7.016815941
6/14/2010,1089.63,3,6.993593468
6/11/2010,1091.6,1,6.995399789
6/10/2010,1086.84,1,6.991029682
6/9/2010,1055.69,1,6.961949861
6/8/2010,1062,1,6.967909202
6/7/2010,1050.47,3,6.956992962
6/4/2010,1064.88,1,6.970617396
6/3/2010,1102.83,1,7.005634882
6/2/2010,1098.38,1,7.001591646
6/1/2010,1070.71,4,6.976077259
5/28/2010,1089.41,1,6.993391544
5/27/2010,1103.06,1,7.005843415
5/26/2010,1067.95,1,6.973496202
5/25/2010,1074.03,1,6.979173208
5/24/2010,1073.65,3,6.978819337
5/21/2010,1087.69,1,6.99181146
5/20/2010,1071.59,1,6.976898806
5/19/2010,1115.05,1,7.016654526
5/18/2010,1120.8,1,7.021797995
5/17/2010,1136.94,3,7.036095722
5/14/2010,1135.68,1,7.034986869
5/13/2010,1157.44,1,7.053965949
5/12/2010,1171.67,1,7.066185361
5/11/2010,1155.79,1,7.052539372
5/10/2010,1159.73,3,7.055942498
5/7/2010,1110.88,1,7.012907773
5/6/2010,1128.15,1,7.028334402
5/5/2010,1165.87,1,7.061222868
5/4/2010,1173.6,1,7.067831227
5/3/2010,1202.26,3,7.091958398
4/30/2010,1186.69,1,7.078923198
4/29/2010,1206.78,1,7.095710934
4/28/2010,1191.36,1,7.082850791
4/27/2010,1183.71,1,7.076408853
4/26/2010,1212.05,3,7.10006842
4/23/2010,1217.28,1,7.10437414
4/22/2010,1208.67,1,7.097275861
4/21/2010,1205.94,1,7.095014625
4/20/2010,1207.17,1,7.096034056
4/19/2010,1197.52,3,7.088008031
4/16/2010,1192.13,1,7.083496902
4/15/2010,1211.67,1,7.099754852
4/14/2010,1210.65,1,7.098912684
4/13/2010,1197.3,1,7.087824301
4/12/2010,1196.48,3,7.087139192
4/9/2010,1194.37,1,7.085374129
4/8/2010,1186.44,1,7.078712506
4/7/2010,1182.45,1,7.075343836
4/6/2010,1189.44,1,7.081237887
4/5/2010,1187.44,4,7.079555008
4/1/2010,1178.1,1,7.07165825
3/31/2010,1169.43,1,7.06427173
3/30/2010,1173.27,1,7.067550001
3/29/2010,1173.22,3,7.067507384
3/26/2010,1166.59,1,7.061840242
3/25/2010,1165.73,1,7.061102779
3/24/2010,1167.72,1,7.062808409
3/23/2010,1174.17,1,7.068316794
3/22/2010,1165.81,3,7.061171403
3/19/2010,1159.9,1,7.056089073
3/18/2010,1165.83,1,7.061188559
3/17/2010,1166.21,1,7.061514454
3/16/2010,1159.46,1,7.055709658
3/15/2010,1150.51,3,7.047960601
3/12/2010,1149.99,1,7.047508526
3/11/2010,1150.24,1,7.047725895
3/10/2010,1145.61,1,7.043692525
3/9/2010,1140.45,1,7.0391782
3/8/2010,1138.5,3,7.037466886
3/5/2010,1138.7,1,7.03764254
3/4/2010,1122.97,1,7.02373224
3/3/2010,1118.79,1,7.020003023
3/2/2010,1118.31,1,7.019573896
3/1/2010,1115.71,3,7.017246253
2/26/2010,1104.49,1,7.007138969
2/25/2010,1102.94,1,7.005734621
2/24/2010,1105.24,1,7.007817785
2/23/2010,1094.6,1,6.998144279
2/22/2010,1108.01,3,7.010320893
2/19/2010,1109.17,1,7.011367267
2/18/2010,1106.75,1,7.009183072
2/17/2010,1099.51,1,7.002619905
2/16/2010,1094.87,4,6.998390914
2/12/2010,1075.51,1,6.980550247
2/11/2010,1078.47,1,6.983298649
2/10/2010,1068.13,1,6.973664735
2/9/2010,1070.52,1,6.975899791
2/8/2010,1056.74,3,6.962943976
2/5/2010,1066.19,1,6.971846825
2/4/2010,1063.11,1,6.968953854
2/3/2010,1097.28,1,7.000589669
2/2/2010,1103.32,1,7.006079095
2/1/2010,1089.19,3,6.99318958
1/29/2010,1073.87,1,6.979024225
1/28/2010,1084.53,1,6.988901992
1/27/2010,1097.5,1,7.000790145
1/26/2010,1092.17,1,6.995921822
1/25/2010,1096.78,3,7.000133893
1/22/2010,1091.76,1,6.995546352
1/21/2010,1116.48,1,7.017936158
1/20/2010,1138.04,1,7.037062763
1/19/2010,1150.23,4,7.047717201
1/15/2010,1136.03,1,7.035295007
1/14/2010,1148.46,1,7.046177193
1/13/2010,1145.68,1,7.043753626
1/12/2010,1136.22,1,7.035462243
1/11/2010,1146.98,3,7.04488768
1/8/2010,1144.98,1,7.043142449
1/7/2010,1141.69,1,7.0402649
1/6/2010,1137.14,1,7.036271617
1/5/2010,1136.52,1,7.035726241
1/4/2010,1132.99,4,7.032615435
12/31/2009,1115.1,1,7.016699366
12/30/2009,1126.42,1,7.026799741
12/29/2009,1126.2,1,7.026604413
12/28/2009,1127.78,4,7.028006378
12/24/2009,1126.48,1,7.026853006
12/23/2009,1120.59,1,7.021610611
12/22/2009,1118.02,1,7.019314543
12/21/2009,1114.05,3,7.015757303
12/18/2009,1102.47,1,7.005308396
12/17/2009,1096.08,1,6.999495458
12/16/2009,1109.18,1,7.011376283
12/15/2009,1107.93,1,7.010248688
12/14/2009,1114.11,3,7.015811159
12/11/2009,1106.41,1,7.008875819
12/10/2009,1102.35,1,7.005199544
12/9/2009,1095.95,1,6.999376846
12/8/2009,1091.94,1,6.99571121
12/7/2009,1103.25,3,7.006015648
12/4/2009,1105.98,1,7.008487099
12/3/2009,1099.92,1,7.002992729
12/2/2009,1109.24,1,7.011430375
12/1/2009,1108.86,1,7.01108774
11/30/2009,1095.63,3,6.999084819
11/27/2009,1091.49,2,6.995299014
11/25/2009,1110.63,1,7.012682701
11/24/2009,1105.65,1,7.008188676
11/23/2009,1106.24,3,7.008722157
11/20/2009,1091.38,1,6.995198229
11/19/2009,1094.9,1,6.998418314
11/18/2009,1109.8,1,7.011935098
11/17/2009,1110.32,1,7.012403541
11/16/2009,1109.3,3,7.011484465
11/13/2009,1093.48,1,6.99712055
11/12/2009,1087.24,1,6.991397654
11/11/2009,1098.51,1,7.001709995
11/10/2009,1093.01,1,6.996690637
11/9/2009,1093.08,3,6.996754679
11/6/2009,1069.3,1,6.974759508
11/5/2009,1066.63,1,6.972259425
11/4/2009,1046.5,1,6.953206542
11/3/2009,1045.41,1,6.952164432
11/2/2009,1042.88,3,6.949741396
10/30/2009,1036.19,1,6.943305804
10/29/2009,1066.11,1,6.971771789
10/28/2009,1042.63,1,6.949501646
10/27/2009,1063.41,1,6.969236005
10/26/2009,1066.95,3,6.97255939
10/23/2009,1079.6,1,6.984345881
10/22/2009,1092.91,1,6.996599143
10/21/2009,1081.4,1,6.986011777
10/20/2009,1091.06,1,6.99490498
10/19/2009,1097.91,3,7.001163651
10/16/2009,1087.68,1,6.991802267
10/15/2009,1096.56,1,6.999933286
10/14/2009,1092.02,1,6.995784471
10/13/2009,1073.19,1,6.978390801
10/12/2009,1076.19,3,6.981182305
10/9/2009,1071.49,1,6.976805482
10/8/2009,1065.48,1,6.971180681
10/7/2009,1057.58,1,6.963738558
10/6/2009,1054.72,1,6.961030608
10/5/2009,1040.46,3,6.947418202
10/2/2009,1025.21,1,6.932652749
10/1/2009,1029.85,1,6.93716844
9/30/2009,1057.08,1,6.963265669
9/29/2009,1060.61,1,6.966599493
9/28/2009,1062.98,3,6.968831563
9/25/2009,1044.38,1,6.951178687
9/24/2009,1050.78,1,6.957288025
9/23/2009,1060.87,1,6.966844605
9/22/2009,1071.66,1,6.976964127
9/21/2009,1064.66,3,6.970410778
9/18/2009,1068.3,1,6.973823879
9/17/2009,1065.49,1,6.971190066
9/16/2009,1068.76,1,6.974254377
9/15/2009,1052.63,1,6.959047073
9/14/2009,1049.34,3,6.955916674
9/11/2009,1042.73,1,6.949597553
9/10/2009,1044.14,1,6.950948859
9/9/2009,1033.37,1,6.940580585
9/8/2009,1025.39,4,6.932828307
9/4/2009,1016.4,1,6.924022251
9/3/2009,1003.24,1,6.910990041
9/2/2009,994.75,1,6.902491449
9/1/2009,998.04,1,6.905793356
8/31/2009,1020.62,3,6.928165565
8/28/2009,1028.93,1,6.936274706
8/27/2009,1030.98,1,6.938265085
8/26/2009,1028.12,1,6.935487171
8/25/2009,1028,1,6.935370446
8/24/2009,1025.57,3,6.933003835
8/21/2009,1026.13,1,6.933549723
8/20/2009,1007.37,1,6.915098253
8/19/2009,996.46,1,6.904208998
8/18/2009,989.67,1,6.897371554
8/17/2009,979.73,3,6.887277024
8/14/2009,1004.09,1,6.911836938
8/13/2009,1012.73,1,6.920404934
8/12/2009,1005.81,1,6.913548466
8/11/2009,994.35,1,6.902089257
8/10/2009,1007.1,3,6.914830193
8/7/2009,1010.48,1,6.918180744
8/6/2009,997.08,1,6.904831007
8/5/2009,1002.72,1,6.910471586
8/4/2009,1005.65,1,6.913389378
8/3/2009,1002.63,3,6.910381827
7/31/2009,987.48,1,6.895156243
7/30/2009,986.75,1,6.894416715
7/29/2009,975.15,1,6.882591305
7/28/2009,979.62,1,6.887164741
7/27/2009,982.18,3,6.889774591
7/24/2009,979.26,1,6.886797184
7/23/2009,976.29,1,6.883759673
7/22/2009,954.07,1,6.860737044
7/21/2009,954.58,1,6.861271453
7/20/2009,951.13,3,6.857650751
7/17/2009,940.38,1,6.846284049
7/16/2009,940.74,1,6.8466668
7/15/2009,932.68,1,6.838062162
7/14/2009,905.84,1,6.80886269
7/13/2009,901.05,3,6.80356075
7/10/2009,879.13,1,6.778932782
7/9/2009,882.68,1,6.782962734
7/8/2009,879.56,1,6.779421782
7/7/2009,881.03,1,6.781091678
7/6/2009,898.72,4,6.800971529
7/2/2009,896.42,1,6.798409053
7/1/2009,923.33,1,6.8279867
6/30/2009,919.32,1,6.823634266
6/29/2009,927.23,3,6.832201647
6/26/2009,918.9,1,6.823177303
6/25/2009,920.26,1,6.824656239
6/24/2009,900.94,1,6.803438663
6/23/2009,895.1,1,6.796935444
6/22/2009,893.04,3,6.794631373
6/19/2009,921.23,1,6.825709734
6/18/2009,918.37,1,6.82260036
6/17/2009,910.71,1,6.814224515
6/16/2009,911.97,1,6.815607095
6/15/2009,923.72,3,6.828408995
6/12/2009,946.21,1,6.852464532
6/11/2009,944.89,1,6.851068519
6/10/2009,939.15,1,6.844975211
6/9/2009,942.43,1,6.848461646
6/8/2009,939.14,3,6.844964563
6/5/2009,940.09,1,6.845975615
6/4/2009,942.46,1,6.848493478
6/3/2009,931.76,1,6.837075271
6/2/2009,944.74,1,6.850909757
6/1/2009,942.87,3,6.848928415
5/29/2009,919.14,1,6.82343845
5/28/2009,906.83,1,6.809955001
5/27/2009,893.06,1,6.794653768
5/26/2009,910.33,4,6.813807171
5/22/2009,887,1,6.787844982
5/21/2009,888.33,1,6.789343296
5/20/2009,903.47,1,6.806242905
5/19/2009,908.13,1,6.81138754
5/18/2009,909.71,3,6.813125867
5/15/2009,882.88,1,6.783189291
5/14/2009,893.07,1,6.794664965
5/13/2009,883.92,1,6.784366561
5/12/2009,908.35,1,6.811629767
5/11/2009,909.24,3,6.812609086
5/8/2009,929.23,1,6.834356286
5/7/2009,907.39,1,6.810572347
5/6/2009,919.53,1,6.82386267
5/5/2009,903.8,1,6.806608097
5/4/2009,907.24,3,6.810407024
5/1/2009,877.52,1,6.777099747
4/30/2009,872.81,1,6.771717892
4/29/2009,873.64,1,6.772668391
4/28/2009,855.16,1,6.751288586
4/27/2009,857.51,3,6.754032841
4/24/2009,866.23,1,6.764150462
4/23/2009,851.92,1,6.747492626
4/22/2009,843.55,1,6.737619177
4/21/2009,850.08,1,6.745330463
4/20/2009,832.39,3,6.724301081
4/17/2009,869.6,1,6.768033336
4/16/2009,865.3,1,6.763076268
4/15/2009,852.06,1,6.747656947
4/14/2009,841.5,1,6.735186014
4/13/2009,858.73,4,6.755454554
4/9/2009,856.56,1,6.752924368
4/8/2009,825.16,1,6.715577307
4/7/2009,815.55,1,6.703862732
4/6/2009,835.48,3,6.72800641
4/3/2009,842.5,1,6.736373662
4/2/2009,834.38,1,6.726688934
4/1/2009,811.08,1,6.698366693
3/31/2009,797.87,1,6.681945677
3/30/2009,787.53,3,6.668901465
3/27/2009,815.94,1,6.704340823
3/26/2009,832.86,1,6.724865561
3/25/2009,813.88,1,6.701812935
3/24/2009,806.12,1,6.692232615
3/23/2009,822.92,3,6.712858991
3/20/2009,768.54,1,6.644492611
3/19/2009,784.04,1,6.664460039
3/18/2009,794.35,1,6.67752417
3/17/2009,778.12,1,6.656880754
3/16/2009,753.89,3,6.625246469
3/13/2009,756.55,1,6.628768625
3/12/2009,750.74,1,6.621059387
3/11/2009,721.36,1,6.581138319
3/10/2009,719.6,1,6.578695502
3/9/2009,676.53,3,6.516976793
3/6/2009,683.38,1,6.527051074
3/5/2009,682.55,1,6.525835784
3/4/2009,712.87,1,6.569299076
3/3/2009,696.33,1,6.545823686
3/2/2009,700.82,3,6.552251078
2/27/2009,735.09,1,6.599992941
2/26/2009,752.83,1,6.623839439
2/25/2009,764.9,1,6.639745106
2/24/2009,773.14,1,6.650460145
2/23/2009,743.33,3,6.611140091
2/20/2009,770.05,1,6.646455448
2/19/2009,778.94,1,6.657934021
2/18/2009,788.42,1,6.670030943
2/17/2009,789.17,4,6.67098176
2/13/2009,826.84,1,6.717611206
2/12/2009,835.19,1,6.727659244
2/11/2009,833.74,1,6.725921603
2/10/2009,827.16,1,6.717998147
2/9/2009,869.89,3,6.768366767
2/6/2009,868.6,1,6.76688272
2/5/2009,845.85,1,6.740342039
2/4/2009,832.23,1,6.724108845
2/3/2009,838.51,1,6.731626507
2/2/2009,825.44,3,6.715916577
1/30/2009,825.88,1,6.716449485
1/29/2009,845.14,1,6.739502294
1/28/2009,874.09,1,6.773183345
1/27/2009,845.71,1,6.740176511
1/26/2009,836.57,3,6.729310199
1/23/2009,831.95,1,6.723772343
1/22/2009,827.5,1,6.718409107
1/21/2009,840.24,1,6.733687565
1/20/2009,805.22,4,6.691115532
1/16/2009,850.12,1,6.745377516
1/15/2009,843.74,1,6.73784439
1/14/2009,842.62,1,6.736516085
1/13/2009,871.79,1,6.770548569
1/12/2009,870.26,3,6.768792018
1/9/2009,890.35,1,6.791614644
1/8/2009,909.73,1,6.813147852
1/7/2009,906.65,1,6.809756488
1/6/2009,934.7,1,6.840225622
1/5/2009,927.45,3,6.832438885
1/2/2009,931.8,0,6.837118199
